{
  "project_info": {
    "project_number": "141558576098",
    "project_id": "project-6914a",
    "storage_bucket": "project-6914a.appspot.com"
  },
  "client": [
    {
      "client_info": {
        "mobilesdk_app_id": "1:141558576098:android:1783dc2101e3c932c3ffbb",
        "android_client_info": {
          "package_name": "com.example.project"
        }
      },
      "oauth_client": [],
      "api_key": [
        {
          "current_key": "AIzaSyAT5qiZdHCLDJv3GAMERoKJ8tLandJJocU"
        }
      ],
      "services": {
        "appinvite_service": {
          "other_platform_oauth_client": []
        }
      }
    }
  ],
  "configuration_version": "1"
}